mse1,mse2,mse3,mse4
0.016410656,0.016410653
