K@1,K@2,micro_AUC,macro_AUC
0.1483594924211502,0.07560627907514572,0.05049928277730942,0.5893507679535077,0.4961084727382319
