K@1,K@2,micro_AUC,macro_AUC
0.8593706450222272,0.9085416018270013
0.2086903303861618,0.23317013680934906,0.20514076948165894,0.6453860517386854,0.4994237256388766
0.22521419823169708,0.25193798542022705,0.26376989483833313,0.7304422002129856,0.6351727075417114
0.3494492173194885,0.327009379863739,0.3088127374649048,0.7411326758811613,0.6510993695180749
0.35067319869995117,0.33455732464790344,0.3200734257698059,0.7423393133692521,0.6513764704656339
0.3684210479259491,0.3347613215446472,0.3220318555831909,0.7489758679626155,0.6656257135018568
0.3623011112213135,0.3286413848400116,0.3159118890762329,0.7499331562869167,0.6571615140791892
0.4088127315044403,0.35638514161109924,0.33696451783180237,0.7536550187442652,0.6709606682161612
