K@1,K@2,micro_AUC,macro_AUC
0.8593706450222272,0.9085416018270013
0.2031823694705963,0.22521419823169708,0.20000001788139343,0.6462659870785763,0.5012857065049339
0.2031823694705963,0.22521419823169708,0.20000001788139343,0.6462659870785763,0.5012857065049339
0.2031823694705963,0.22521419823169708,0.20000001788139343,0.6462659870785763,0.5012857065049339
0.2031823694705963,0.22521419823169708,0.20000001788139343,0.6462659870785763,0.5012857065049339
0.2031823694705963,0.22521419823169708,0.20000001788139343,0.6462659870785763,0.5012857065049339
