K@1,K@2,micro_AUC,macro_AUC
0.3255814015865326,0.253773957490921,0.23867809772491455,0.6751395656568377,0.4963771219308187
