K@1,K@2,micro_AUC,macro_AUC
0.7061866980495891,0.6510828346663525
0.22521419823169708,0.23459811508655548,0.2014687955379486,0.7087891127463273,0.6070761348204788
