K@1,K@2,micro_AUC,macro_AUC
0.6227931897338188,0.5029376684350277
0.23623010516166687,0.221134215593338,0.19069769978523254,0.6573118191931908,0.5244930809000439
