mse1,mse2,mse3,mse4
0.06338856,0.6804049320653899,0.49321587127429023
