K@1,K@2,micro_AUC,macro_AUC
0.706016587161817,0.6818292074948115
0.2680538594722748,0.25336599349975586,0.24283966422080994,0.7069707968235278,0.6284857443044819
