mse1,mse2,mse3,mse4
0.06005187,0.13060139
