mse1,micro_AUC,macro_AUC
0.32435739040374756,0.26111793518066406,0.24577723443508148,0.6802302215105702,0.4938037983291724
